[{"id": 1, "sitenumber": 1001, "type": "PRODUCT_HIGH", "source": "FC", "isactive": "solved", "time": "11/20/2022 19:48", "severity": "Warning", "device": "Tank 4", "sitename": "port_saeed"}, {"id": 2, "sitenumber": 1001, "type": "DELEVERY_reconciliation", "source": "OP", "isactive": "solved", "time": "11/05/2024 10:29", "severity": "Warning", "device": "Tank 3", "sitename": "port_saeed"}, {"id": 3, "sitenumber": 1001, "type": "SUDDEN_loss", "source": "OP", "isactive": "solved", "time": "11/05/2024 10:29", "severity": "Unknown", "device": "Tank 3", "sitename": "port_saeed"}, {"id": 4, "sitenumber": 1001, "type": "OVERFLOW", "source": "FC", "isactive": "solved", "time": "11/20/2022 03:57", "severity": "Unknown", "device": "Tank 4", "sitename": "port_saeed"}, {"id": 5, "sitenumber": 1001, "type": "PRODUCT_HIGH", "source": "FC", "isactive": "solved", "time": "11/15/2022 01:35", "severity": "Warning", "device": "Tank 6", "sitename": "port_saeed"}, {"id": 6, "sitenumber": 1001, "type": "PRODUCT_HIGH", "source": "FC", "isactive": "solved", "time": "11/15/2022 17:48", "severity": "Warning", "device": "Tank 1", "sitename": "port_saeed"}, {"id": 7, "sitenumber": 1001, "type": "OVERFLOW", "source": "FC", "isactive": "solved", "time": "11/05/2024 10:29", "severity": "Unknown", "device": "Tank 6", "sitename": "port_saeed"}, {"id": 8, "sitenumber": 1001, "type": "PRODUCT_LOW", "source": "FC", "isactive": "solved", "time": "11/05/2024 10:29", "severity": "Warning", "device": "Tank 5", "sitename": "port_saeed"}, {"id": 9, "sitenumber": 1001, "type": "PRODUCT_HIGH", "source": "FC", "isactive": "solved", "time": "11/05/2024 10:29", "severity": "Warning", "device": "Tank 5", "sitename": "port_saeed"}, {"id": 10, "sitenumber": 1001, "type": "PRODUCT_HIGH", "source": "FC", "isactive": "solved", "time": "11/05/2024 10:29", "severity": "Warning", "device": "Tank 2", "sitename": "port_saeed"}, {"id": 11, "sitenumber": 1001, "type": "OVERFLOW", "source": "FC", "isactive": "solved", "time": "11/05/2024 10:29", "severity": "Unknown", "device": "Tank 1", "sitename": "port_saeed"}, {"id": 12, "sitenumber": 1001, "type": "OVERFLOW", "source": "FC", "isactive": "solved", "time": "11/05/2024 10:29", "severity": "Unknown", "device": "Tank 5", "sitename": "port_saeed"}, {"id": 13, "sitenumber": 1001, "type": "OVERFLOW", "source": "FC", "isactive": "solved", "time": "11/05/2024 10:29", "severity": "Unknown", "device": "Tank 2", "sitename": "port_saeed"}, {"id": 14, "sitenumber": 1001, "type": "PRODUCT_LOW", "source": "FC", "isactive": "solved", "time": "11/05/2024 10:29", "severity": "Warning", "device": "Tank 1", "sitename": "port_saeed"}, {"id": 15, "sitenumber": 1001, "type": "PRODUCT_LOW", "source": "FC", "isactive": "solved", "time": "11/05/2024 10:29", "severity": "Warning", "device": "Tank 2", "sitename": "port_saeed"}, {"id": 16, "sitenumber": 1001, "type": "PRODUCT_LOW", "source": "FC", "isactive": "solved", "time": "10/25/2022 17:09", "severity": "Warning", "device": "Tank 3", "sitename": "port_saeed"}, {"id": 17, "sitenumber": 1001, "type": "TANK_NO_LEVEL", "source": "FC", "isactive": "solved", "time": "11/05/2024 10:29", "severity": "Info", "device": "Tank 1", "sitename": "port_saeed"}, {"id": 18, "sitenumber": 1001, "type": "TANK_NO_LEVEL", "source": "FC", "isactive": "solved", "time": "11/05/2024 10:29", "severity": "Info", "device": "Tank 2", "sitename": "port_saeed"}, {"id": 19, "sitenumber": 1001, "type": "TANK_NO_LEVEL", "source": "FC", "isactive": "solved", "time": "11/05/2024 10:29", "severity": "Info", "device": "Tank 3", "sitename": "port_saeed"}, {"id": 20, "sitenumber": 1001, "type": "TANK_NO_LEVEL", "source": "FC", "isactive": "solved", "time": "11/05/2024 10:29", "severity": "Info", "device": "Tank 4", "sitename": "port_saeed"}, {"id": 21, "sitenumber": 1001, "type": "TANK_NO_LEVEL", "source": "FC", "isactive": "Active", "time": "02/08/2022 22:08", "severity": "Info", "device": "Tank 5", "sitename": "port_saeed"}, {"id": 22, "sitenumber": 1001, "type": "TANK_NO_LEVEL", "source": "FC", "isactive": "solved", "time": "11/20/2022 04:42", "severity": "Info", "device": "Tank 6", "sitename": "port_saeed"}, {"id": 23, "sitenumber": 1001, "type": "DISCONNECTED", "source": "FHO", "isactive": "solved", "time": "09/20/2021 12:27", "severity": "Alarm", "device": "Probe 1", "sitename": "port_saeed"}, {"id": 24, "sitenumber": 1001, "type": "DISCONNECTED", "source": "FHO", "isactive": "solved", "time": "09/20/2021 12:27", "severity": "Alarm", "device": "Probe 2", "sitename": "port_saeed"}, {"id": 25, "sitenumber": 1001, "type": "DISCONNECTED", "source": "FHO", "isactive": "solved", "time": "11/05/2024 10:29", "severity": "Alarm", "device": "Probe 3", "sitename": "port_saeed"}, {"id": 26, "sitenumber": 1001, "type": "DISCONNECTED", "source": "FHO", "isactive": "solved", "time": "11/05/2024 10:29", "severity": "Alarm", "device": "Probe 4", "sitename": "port_saeed"}, {"id": 27, "sitenumber": 1001, "type": "DISCONNECTED", "source": "FHO", "isactive": "solved", "time": "09/20/2021 12:27", "severity": "Alarm", "device": "Probe 5", "sitename": "port_saeed"}, {"id": 28, "sitenumber": 1001, "type": "DISCONNECTED", "source": "FHO", "isactive": "solved", "time": "09/20/2021 12:27", "severity": "Alarm", "device": "Probe 6", "sitename": "port_saeed"}, {"id": 29, "sitenumber": 1001, "type": "PRODUCT_LOW", "source": "FC", "isactive": "solved", "time": "11/11/2022 07:49", "severity": "Warning", "device": "Tank 6", "sitename": "port_saeed"}, {"id": 30, "sitenumber": 1001, "type": "PRODUCT_LOW", "source": "FC", "isactive": "solved", "time": "10/25/2022 17:07", "severity": "Warning", "device": "Tank 4", "sitename": "port_saeed"}, {"id": 31, "sitenumber": 1001, "type": "SUCTION", "source": "FC", "isactive": "solved", "time": "04/01/2021 18:14", "severity": "Alarm", "device": "Tank 5", "sitename": "port_saeed"}, {"id": 32, "sitenumber": 1001, "type": "SUCTION", "source": "FC", "isactive": "solved", "time": "11/05/2022 08:16", "severity": "Unknown", "device": "Tank 1", "sitename": "port_saeed"}, {"id": 33, "sitenumber": 1001, "type": "SUCTION", "source": "FC", "isactive": "solved", "time": "11/05/2022 08:16", "severity": "Unknown", "device": "Tank 2", "sitename": "port_saeed"}, {"id": 34, "sitenumber": 1001, "type": "SUCTION", "source": "FC", "isactive": "solved", "time": "10/28/2022 14:16", "severity": "Unknown", "device": "Tank 6", "sitename": "port_saeed"}, {"id": 104, "sitenumber": 1001, "type": "DISCONNECTED", "source": "FHO", "isactive": "solved", "time": "11/04/2021 12:36", "severity": "Alarm", "device": "Probe 5", "sitename": "port_saeed"}, {"id": 107, "sitenumber": 1001, "type": "DISCONNECTED", "source": "FHO", "isactive": "solved", "time": "12/14/2021 10:07", "severity": "Alarm", "device": "Probe 5", "sitename": "port_saeed"}, {"id": 108, "sitenumber": 1001, "type": "DISCONNECTED", "source": "FHO", "isactive": "solved", "time": "12/20/2021 18:41", "severity": "Alarm", "device": "Probe 5", "sitename": "port_saeed"}, {"id": 110, "sitenumber": 1001, "type": "DISCONNECTED", "source": "FHO", "isactive": "solved", "time": "12/21/2021 09:41", "severity": "Alarm", "device": "Probe 5", "sitename": "port_saeed"}, {"id": 111, "sitenumber": 1001, "type": "DISCONNECTED", "source": "FHO", "isactive": "solved", "time": "12/21/2021 10:57", "severity": "Alarm", "device": "Probe 1", "sitename": "port_saeed"}, {"id": 112, "sitenumber": 1001, "type": "DISCONNECTED", "source": "FHO", "isactive": "solved", "time": "12/21/2021 10:59", "severity": "Alarm", "device": "Probe 2", "sitename": "port_saeed"}, {"id": 113, "sitenumber": 1001, "type": "DISCONNECTED", "source": "FHO", "isactive": "solved", "time": "12/21/2021 10:58", "severity": "Alarm", "device": "Probe 3", "sitename": "port_saeed"}, {"id": 114, "sitenumber": 1001, "type": "DISCONNECTED", "source": "FHO", "isactive": "solved", "time": "12/21/2021 10:55", "severity": "Alarm", "device": "Probe 4", "sitename": "port_saeed"}, {"id": 115, "sitenumber": 1001, "type": "DISCONNECTED", "source": "FHO", "isactive": "solved", "time": "12/21/2021 10:59", "severity": "Alarm", "device": "Probe 5", "sitename": "port_saeed"}, {"id": 116, "sitenumber": 1001, "type": "DISCONNECTED", "source": "FHO", "isactive": "solved", "time": "12/21/2021 10:59", "severity": "Alarm", "device": "Probe 6", "sitename": "port_saeed"}, {"id": 117, "sitenumber": 1001, "type": "DISCONNECTED", "source": "FHO", "isactive": "solved", "time": "12/21/2021 12:33", "severity": "Alarm", "device": "Probe 1", "sitename": "port_saeed"}, {"id": 118, "sitenumber": 1001, "type": "DISCONNECTED", "source": "FHO", "isactive": "solved", "time": "12/21/2021 12:37", "severity": "Alarm", "device": "Probe 2", "sitename": "port_saeed"}, {"id": 119, "sitenumber": 1001, "type": "DISCONNECTED", "source": "FHO", "isactive": "solved", "time": "12/21/2021 12:37", "severity": "Alarm", "device": "Probe 3", "sitename": "port_saeed"}, {"id": 120, "sitenumber": 1001, "type": "DISCONNECTED", "source": "FHO", "isactive": "solved", "time": "12/21/2021 12:34", "severity": "Alarm", "device": "Probe 4", "sitename": "port_saeed"}, {"id": 121, "sitenumber": 1001, "type": "DISCONNECTED", "source": "FHO", "isactive": "solved", "time": "12/21/2021 12:37", "severity": "Alarm", "device": "Probe 5", "sitename": "port_saeed"}, {"id": 122, "sitenumber": 1001, "type": "DISCONNECTED", "source": "FHO", "isactive": "solved", "time": "12/21/2021 12:37", "severity": "Alarm", "device": "Probe 6", "sitename": "port_saeed"}, {"id": 123, "sitenumber": 1001, "type": "DISCONNECTED", "source": "FHO", "isactive": "solved", "time": "01/08/2022 22:09", "severity": "Alarm", "device": "Probe 5", "sitename": "port_saeed"}, {"id": 124, "sitenumber": 1001, "type": "DISCONNECTED", "source": "FHO", "isactive": "solved", "time": "01/08/2022 22:07", "severity": "Alarm", "device": "Probe 1", "sitename": "port_saeed"}, {"id": 125, "sitenumber": 1001, "type": "DISCONNECTED", "source": "FHO", "isactive": "solved", "time": "01/08/2022 22:09", "severity": "Alarm", "device": "Probe 2", "sitename": "port_saeed"}, {"id": 126, "sitenumber": 1001, "type": "DISCONNECTED", "source": "FHO", "isactive": "solved", "time": "01/08/2022 22:07", "severity": "Alarm", "device": "Probe 3", "sitename": "port_saeed"}, {"id": 127, "sitenumber": 1001, "type": "DISCONNECTED", "source": "FHO", "isactive": "solved", "time": "01/08/2022 22:08", "severity": "Alarm", "device": "Probe 4", "sitename": "port_saeed"}, {"id": 128, "sitenumber": 1001, "type": "DISCONNECTED", "source": "FHO", "isactive": "solved", "time": "01/08/2022 22:09", "severity": "Alarm", "device": "Probe 6", "sitename": "port_saeed"}, {"id": 129, "sitenumber": 1001, "type": "DISCONNECTED", "source": "FHO", "isactive": "solved", "time": "01/20/2022 07:52", "severity": "Alarm", "device": "Probe 5", "sitename": "port_saeed"}, {"id": 130, "sitenumber": 1001, "type": "DISCONNECTED", "source": "FHO", "isactive": "solved", "time": "01/20/2022 07:13", "severity": "Alarm", "device": "Probe 6", "sitename": "port_saeed"}, {"id": 136, "sitenumber": 1001, "type": "DISCONNECTED", "source": "FHO", "isactive": "solved", "time": "02/08/2022 09:23", "severity": "Alarm", "device": "Probe 5", "sitename": "port_saeed"}, {"id": 137, "sitenumber": 1001, "type": "DISCONNECTED", "source": "FHO", "isactive": "solved", "time": "11/14/2021 05:37", "severity": "Alarm", "device": "Probe 5", "sitename": "port_saeed"}, {"id": 1221, "sitenumber": 1001, "type": "DISCONNECTED", "source": "FHO", "isactive": "solved", "time": "03/29/2022 06:37", "severity": "Alarm", "device": "Probe 1", "sitename": "port_saeed"}, {"id": 1222, "sitenumber": 1001, "type": "DISCONNECTED", "source": "FHO", "isactive": "solved", "time": "03/29/2022 06:36", "severity": "Alarm", "device": "Probe 2", "sitename": "port_saeed"}, {"id": 1223, "sitenumber": 1001, "type": "DISCONNECTED", "source": "FHO", "isactive": "solved", "time": "03/29/2022 06:37", "severity": "Alarm", "device": "Probe 3", "sitename": "port_saeed"}, {"id": 1224, "sitenumber": 1001, "type": "DISCONNECTED", "source": "FHO", "isactive": "solved", "time": "03/29/2022 06:36", "severity": "Alarm", "device": "Probe 4", "sitename": "port_saeed"}, {"id": 1225, "sitenumber": 1001, "type": "DISCONNECTED", "source": "FHO", "isactive": "solved", "time": "03/29/2022 06:36", "severity": "Alarm", "device": "Probe 6", "sitename": "port_saeed"}, {"id": 1550, "sitenumber": 1001, "type": "DISCONNECTED", "source": "FHO", "isactive": "solved", "time": "04/29/2022 02:46", "severity": "Alarm", "device": "Probe 6", "sitename": "port_saeed"}, {"id": 1551, "sitenumber": 1001, "type": "DISCONNECTED", "source": "FHO", "isactive": "solved", "time": "04/30/2022 19:12", "severity": "Alarm", "device": "Probe 2", "sitename": "port_saeed"}, {"id": 1552, "sitenumber": 1001, "type": "DISCONNECTED", "source": "FHO", "isactive": "solved", "time": "04/30/2022 19:13", "severity": "Alarm", "device": "Probe 3", "sitename": "port_saeed"}, {"id": 1553, "sitenumber": 1001, "type": "DISCONNECTED", "source": "FHO", "isactive": "solved", "time": "04/30/2022 19:13", "severity": "Alarm", "device": "Probe 4", "sitename": "port_saeed"}, {"id": 1554, "sitenumber": 1001, "type": "DISCONNECTED", "source": "FHO", "isactive": "solved", "time": "04/30/2022 19:13", "severity": "Alarm", "device": "Probe 6", "sitename": "port_saeed"}, {"id": 1555, "sitenumber": 1001, "type": "DISCONNECTED", "source": "FHO", "isactive": "solved", "time": "05/01/2022 19:16", "severity": "Alarm", "device": "Probe 6", "sitename": "port_saeed"}, {"id": 11617, "sitenumber": 1001, "type": "DISCONNECTED", "source": "FHO", "isactive": "solved", "time": "09/30/2022 19:40", "severity": "Alarm", "device": "Probe 6", "sitename": "port_saeed"}, {"id": 11620, "sitenumber": 1001, "type": "SUCTION", "source": "FC", "isactive": "solved", "time": "10/25/2022 17:02", "severity": "Unknown", "device": "Tank 3", "sitename": "port_saeed"}, {"id": 11626, "sitenumber": 1001, "type": "DISCONNECTED", "source": "FHO", "isactive": "solved", "time": "11/10/2022 02:23", "severity": "Alarm", "device": "Probe 1", "sitename": "port_saeed"}, {"id": 11627, "sitenumber": 1001, "type": "DISCONNECTED", "source": "FHO", "isactive": "solved", "time": "11/10/2022 02:25", "severity": "Alarm", "device": "Probe 2", "sitename": "port_saeed"}, {"id": 11628, "sitenumber": 1001, "type": "DISCONNECTED", "source": "FHO", "isactive": "solved", "time": "11/10/2022 02:24", "severity": "Alarm", "device": "Probe 3", "sitename": "port_saeed"}, {"id": 11629, "sitenumber": 1001, "type": "DISCONNECTED", "source": "FHO", "isactive": "solved", "time": "11/10/2022 02:25", "severity": "Alarm", "device": "Probe 4", "sitename": "port_saeed"}, {"id": 11630, "sitenumber": 1001, "type": "DISCONNECTED", "source": "FHO", "isactive": "solved", "time": "11/10/2022 02:26", "severity": "Alarm", "device": "Probe 6", "sitename": "port_saeed"}]