[{"id": 1, "sitenumber": 1001, "Tank": "Tank 1", "capacity": "45000.00000", "product": "Gasoline92", "volume": "24504.133", "sitename": "port_saeed"}, {"id": 2, "sitenumber": 1001, "Tank": "Tank 2", "capacity": "45000.00000", "product": "Gasoline92", "volume": "24384.323", "sitename": "port_saeed"}, {"id": 3, "sitenumber": 1001, "Tank": "Tank 3", "capacity": "45000.00000", "product": "Diesel", "volume": "19885.813", "sitename": "port_saeed"}, {"id": 4, "sitenumber": 1001, "Tank": "Tank 4", "capacity": "45000.00000", "product": "Diesel", "volume": "21773.996", "sitename": "port_saeed"}, {"id": 5, "sitenumber": 1001, "Tank": "Tank 5", "capacity": "45000.00000", "product": "Gasoline80", "volume": "35858.720", "sitename": "port_saeed"}, {"id": 6, "sitenumber": 1001, "Tank": "Tank 6", "capacity": "45000.00000", "product": "Gasoline95", "volume": "19259.476", "sitename": "port_saeed"}]