[{"id": 2945168, "sitenumber": 1001, "Tank": "Tank 1", "product": "Gasoline92", "capacity": "45000.00000", "productvolume": "19908.699", "watervolume": "0.000", "sitename": "port_saeed", "timestamp": "12/01/2022 12:00"}, {"id": 2945169, "sitenumber": 1001, "Tank": "Tank 2", "product": "Gasoline92", "capacity": "45000.00000", "productvolume": "19703.019", "watervolume": "0.000", "sitename": "port_saeed", "timestamp": "12/01/2022 12:00"}, {"id": 2945170, "sitenumber": 1001, "Tank": "Tank 3", "product": "Diesel", "capacity": "45000.00000", "productvolume": "36936.770", "watervolume": "0.000", "sitename": "port_saeed", "timestamp": "12/01/2022 12:00"}, {"id": 2945171, "sitenumber": 1001, "Tank": "Tank 4", "product": "Diesel", "capacity": "45000.00000", "productvolume": "38539.933", "watervolume": "0.000", "sitename": "port_saeed", "timestamp": "12/01/2022 12:00"}, {"id": 2945172, "sitenumber": 1001, "Tank": "Tank 6", "product": "Gasoline95", "capacity": "45000.00000", "productvolume": "26871.605", "watervolume": "0.000", "sitename": "port_saeed", "timestamp": "12/01/2022 12:00"}, {"id": 2947891, "sitenumber": 1001, "Tank": "Tank 1", "product": "Gasoline92", "capacity": "45000.00000", "productvolume": "27201.838", "watervolume": "0.000", "sitename": "port_saeed", "timestamp": "12/02/2022 00:00"}, {"id": 2947892, "sitenumber": 1001, "Tank": "Tank 2", "product": "Gasoline92", "capacity": "45000.00000", "productvolume": "27003.902", "watervolume": "0.000", "sitename": "port_saeed", "timestamp": "12/02/2022 00:00"}, {"id": 2947893, "sitenumber": 1001, "Tank": "Tank 3", "product": "Diesel", "capacity": "45000.00000", "productvolume": "35501.161", "watervolume": "0.000", "sitename": "port_saeed", "timestamp": "12/02/2022 00:00"}, {"id": 2947894, "sitenumber": 1001, "Tank": "Tank 4", "product": "Diesel", "capacity": "45000.00000", "productvolume": "37189.649", "watervolume": "0.000", "sitename": "port_saeed", "timestamp": "12/02/2022 00:00"}, {"id": 2947895, "sitenumber": 1001, "Tank": "Tank 6", "product": "Gasoline95", "capacity": "45000.00000", "productvolume": "25289.039", "watervolume": "0.000", "sitename": "port_saeed", "timestamp": "12/02/2022 00:00"}, {"id": 2948119, "sitenumber": 1001, "Tank": "Tank 1", "product": "Gasoline92", "capacity": "45000.00000", "productvolume": "26618.951", "watervolume": "0.000", "sitename": "port_saeed", "timestamp": "12/02/2022 01:00"}, {"id": 2948120, "sitenumber": 1001, "Tank": "Tank 2", "product": "Gasoline92", "capacity": "45000.00000", "productvolume": "26405.243", "watervolume": "0.000", "sitename": "port_saeed", "timestamp": "12/02/2022 01:00"}, {"id": 2948121, "sitenumber": 1001, "Tank": "Tank 3", "product": "Diesel", "capacity": "45000.00000", "productvolume": "35421.779", "watervolume": "0.000", "sitename": "port_saeed", "timestamp": "12/02/2022 01:00"}, {"id": 2948122, "sitenumber": 1001, "Tank": "Tank 4", "product": "Diesel", "capacity": "45000.00000", "productvolume": "37101.957", "watervolume": "0.000", "sitename": "port_saeed", "timestamp": "12/02/2022 01:00"}, {"id": 2948123, "sitenumber": 1001, "Tank": "Tank 6", "product": "Gasoline95", "capacity": "45000.00000", "productvolume": "25138.040", "watervolume": "0.000", "sitename": "port_saeed", "timestamp": "12/02/2022 01:00"}, {"id": 2948347, "sitenumber": 1001, "Tank": "Tank 1", "product": "Gasoline92", "capacity": "45000.00000", "productvolume": "26165.600", "watervolume": "0.000", "sitename": "port_saeed", "timestamp": "12/02/2022 02:00"}, {"id": 2948348, "sitenumber": 1001, "Tank": "Tank 2", "product": "Gasoline92", "capacity": "45000.00000", "productvolume": "25927.126", "watervolume": "0.000", "sitename": "port_saeed", "timestamp": "12/02/2022 02:00"}, {"id": 2948349, "sitenumber": 1001, "Tank": "Tank 3", "product": "Diesel", "capacity": "45000.00000", "productvolume": "35360.521", "watervolume": "0.000", "sitename": "port_saeed", "timestamp": "12/02/2022 02:00"}, {"id": 2948350, "sitenumber": 1001, "Tank": "Tank 4", "product": "Diesel", "capacity": "45000.00000", "productvolume": "37059.500", "watervolume": "0.000", "sitename": "port_saeed", "timestamp": "12/02/2022 02:00"}, {"id": 2948351, "sitenumber": 1001, "Tank": "Tank 6", "product": "Gasoline95", "capacity": "45000.00000", "productvolume": "24969.179", "watervolume": "0.000", "sitename": "port_saeed", "timestamp": "12/02/2022 02:00"}, {"id": 2948575, "sitenumber": 1001, "Tank": "Tank 1", "product": "Gasoline92", "capacity": "45000.00000", "productvolume": "25983.263", "watervolume": "0.000", "sitename": "port_saeed", "timestamp": "12/02/2022 03:00"}, {"id": 2948576, "sitenumber": 1001, "Tank": "Tank 2", "product": "Gasoline92", "capacity": "45000.00000", "productvolume": "25658.316", "watervolume": "0.000", "sitename": "port_saeed", "timestamp": "12/02/2022 03:00"}, {"id": 2948577, "sitenumber": 1001, "Tank": "Tank 3", "product": "Diesel", "capacity": "45000.00000", "productvolume": "35306.448", "watervolume": "0.000", "sitename": "port_saeed", "timestamp": "12/02/2022 03:00"}, {"id": 2948578, "sitenumber": 1001, "Tank": "Tank 4", "product": "Diesel", "capacity": "45000.00000", "productvolume": "36997.691", "watervolume": "0.000", "sitename": "port_saeed", "timestamp": "12/02/2022 03:00"}, {"id": 2948579, "sitenumber": 1001, "Tank": "Tank 6", "product": "Gasoline95", "capacity": "45000.00000", "productvolume": "24930.292", "watervolume": "0.000", "sitename": "port_saeed", "timestamp": "12/02/2022 03:00"}, {"id": 2955552, "sitenumber": 1001, "Tank": "Tank 1", "product": "Gasoline92", "capacity": "45000.00000", "productvolume": "13896.585", "watervolume": "0.000", "sitename": "port_saeed", "timestamp": "12/03/2022 05:00"}, {"id": 2955553, "sitenumber": 1001, "Tank": "Tank 2", "product": "Gasoline92", "capacity": "45000.00000", "productvolume": "13614.607", "watervolume": "0.000", "sitename": "port_saeed", "timestamp": "12/03/2022 05:00"}, {"id": 2955554, "sitenumber": 1001, "Tank": "Tank 3", "product": "Diesel", "capacity": "45000.00000", "productvolume": "32785.106", "watervolume": "0.000", "sitename": "port_saeed", "timestamp": "12/03/2022 05:00"}, {"id": 2955555, "sitenumber": 1001, "Tank": "Tank 4", "product": "Diesel", "capacity": "45000.00000", "productvolume": "34561.173", "watervolume": "0.000", "sitename": "port_saeed", "timestamp": "12/03/2022 05:00"}, {"id": 2955556, "sitenumber": 1001, "Tank": "Tank 6", "product": "Gasoline95", "capacity": "45000.00000", "productvolume": "21623.710", "watervolume": "0.000", "sitename": "port_saeed", "timestamp": "12/03/2022 05:00"}, {"id": 2955649, "sitenumber": 1001, "Tank": "Tank 1", "product": "Gasoline92", "capacity": "45000.00000", "productvolume": "13807.931", "watervolume": "0.000", "sitename": "port_saeed", "timestamp": "12/03/2022 06:00"}, {"id": 2955650, "sitenumber": 1001, "Tank": "Tank 2", "product": "Gasoline92", "capacity": "45000.00000", "productvolume": "13521.818", "watervolume": "0.000", "sitename": "port_saeed", "timestamp": "12/03/2022 06:00"}, {"id": 2955651, "sitenumber": 1001, "Tank": "Tank 3", "product": "Diesel", "capacity": "45000.00000", "productvolume": "32745.049", "watervolume": "0.000", "sitename": "port_saeed", "timestamp": "12/03/2022 06:00"}, {"id": 2955652, "sitenumber": 1001, "Tank": "Tank 4", "product": "Diesel", "capacity": "45000.00000", "productvolume": "34555.453", "watervolume": "0.000", "sitename": "port_saeed", "timestamp": "12/03/2022 06:00"}, {"id": 2955653, "sitenumber": 1001, "Tank": "Tank 6", "product": "Gasoline95", "capacity": "45000.00000", "productvolume": "21623.475", "watervolume": "0.000", "sitename": "port_saeed", "timestamp": "12/03/2022 06:00"}, {"id": 2956182, "sitenumber": 1001, "Tank": "Tank 1", "product": "Gasoline92", "capacity": "45000.00000", "productvolume": "11176.782", "watervolume": "0.000", "sitename": "port_saeed", "timestamp": "12/03/2022 13:00"}, {"id": 2956183, "sitenumber": 1001, "Tank": "Tank 2", "product": "Gasoline92", "capacity": "45000.00000", "productvolume": "11103.603", "watervolume": "0.000", "sitename": "port_saeed", "timestamp": "12/03/2022 13:00"}, {"id": 2956184, "sitenumber": 1001, "Tank": "Tank 3", "product": "Diesel", "capacity": "45000.00000", "productvolume": "31838.017", "watervolume": "0.000", "sitename": "port_saeed", "timestamp": "12/03/2022 13:00"}, {"id": 2956185, "sitenumber": 1001, "Tank": "Tank 4", "product": "Diesel", "capacity": "45000.00000", "productvolume": "33654.829", "watervolume": "0.000", "sitename": "port_saeed", "timestamp": "12/03/2022 13:00"}, {"id": 2956186, "sitenumber": 1001, "Tank": "Tank 6", "product": "Gasoline95", "capacity": "45000.00000", "productvolume": "21051.497", "watervolume": "0.000", "sitename": "port_saeed", "timestamp": "12/03/2022 13:00"}, {"id": 2956382, "sitenumber": 1001, "Tank": "Tank 1", "product": "Gasoline92", "capacity": "45000.00000", "productvolume": "10561.179", "watervolume": "0.000", "sitename": "port_saeed", "timestamp": "12/03/2022 14:00"}, {"id": 2956383, "sitenumber": 1001, "Tank": "Tank 2", "product": "Gasoline92", "capacity": "45000.00000", "productvolume": "10470.391", "watervolume": "0.000", "sitename": "port_saeed", "timestamp": "12/03/2022 14:00"}, {"id": 2956384, "sitenumber": 1001, "Tank": "Tank 3", "product": "Diesel", "capacity": "45000.00000", "productvolume": "31767.045", "watervolume": "0.000", "sitename": "port_saeed", "timestamp": "12/03/2022 14:00"}, {"id": 2956385, "sitenumber": 1001, "Tank": "Tank 4", "product": "Diesel", "capacity": "45000.00000", "productvolume": "33524.022", "watervolume": "0.000", "sitename": "port_saeed", "timestamp": "12/03/2022 14:00"}, {"id": 2956386, "sitenumber": 1001, "Tank": "Tank 6", "product": "Gasoline95", "capacity": "45000.00000", "productvolume": "20680.338", "watervolume": "0.000", "sitename": "port_saeed", "timestamp": "12/03/2022 14:00"}, {"id": 2956617, "sitenumber": 1001, "Tank": "Tank 1", "product": "Gasoline92", "capacity": "45000.00000", "productvolume": "9978.084", "watervolume": "0.000", "sitename": "port_saeed", "timestamp": "12/03/2022 15:00"}, {"id": 2956618, "sitenumber": 1001, "Tank": "Tank 2", "product": "Gasoline92", "capacity": "45000.00000", "productvolume": "9839.602", "watervolume": "0.000", "sitename": "port_saeed", "timestamp": "12/03/2022 15:00"}, {"id": 2956619, "sitenumber": 1001, "Tank": "Tank 3", "product": "Diesel", "capacity": "45000.00000", "productvolume": "31677.590", "watervolume": "0.000", "sitename": "port_saeed", "timestamp": "12/03/2022 15:00"}, {"id": 2956620, "sitenumber": 1001, "Tank": "Tank 4", "product": "Diesel", "capacity": "45000.00000", "productvolume": "33503.529", "watervolume": "0.000", "sitename": "port_saeed", "timestamp": "12/03/2022 15:00"}, {"id": 2956621, "sitenumber": 1001, "Tank": "Tank 6", "product": "Gasoline95", "capacity": "45000.00000", "productvolume": "20388.484", "watervolume": "0.000", "sitename": "port_saeed", "timestamp": "12/03/2022 15:00"}, {"id": 2958452, "sitenumber": 1001, "Tank": "Tank 1", "product": "Gasoline92", "capacity": "45000.00000", "productvolume": "18532.511", "watervolume": "0.000", "sitename": "port_saeed", "timestamp": "12/03/2022 21:00"}, {"id": 2958453, "sitenumber": 1001, "Tank": "Tank 2", "product": "Gasoline92", "capacity": "45000.00000", "productvolume": "18401.067", "watervolume": "0.000", "sitename": "port_saeed", "timestamp": "12/03/2022 21:00"}, {"id": 2958454, "sitenumber": 1001, "Tank": "Tank 3", "product": "Diesel", "capacity": "45000.00000", "productvolume": "31286.528", "watervolume": "0.000", "sitename": "port_saeed", "timestamp": "12/03/2022 21:00"}, {"id": 2958455, "sitenumber": 1001, "Tank": "Tank 4", "product": "Diesel", "capacity": "45000.00000", "productvolume": "33140.455", "watervolume": "0.000", "sitename": "port_saeed", "timestamp": "12/03/2022 21:00"}, {"id": 2958456, "sitenumber": 1001, "Tank": "Tank 6", "product": "Gasoline95", "capacity": "45000.00000", "productvolume": "19593.124", "watervolume": "0.000", "sitename": "port_saeed", "timestamp": "12/03/2022 21:00"}, {"id": 2958513, "sitenumber": 1001, "Tank": "Tank 1", "product": "Gasoline92", "capacity": "45000.00000", "productvolume": "18003.940", "watervolume": "0.000", "sitename": "port_saeed", "timestamp": "12/03/2022 22:00"}, {"id": 2958514, "sitenumber": 1001, "Tank": "Tank 2", "product": "Gasoline92", "capacity": "45000.00000", "productvolume": "17788.902", "watervolume": "0.000", "sitename": "port_saeed", "timestamp": "12/03/2022 22:00"}, {"id": 2958515, "sitenumber": 1001, "Tank": "Tank 3", "product": "Diesel", "capacity": "45000.00000", "productvolume": "31172.142", "watervolume": "0.000", "sitename": "port_saeed", "timestamp": "12/03/2022 22:00"}, {"id": 2958516, "sitenumber": 1001, "Tank": "Tank 4", "product": "Diesel", "capacity": "45000.00000", "productvolume": "33003.480", "watervolume": "0.000", "sitename": "port_saeed", "timestamp": "12/03/2022 22:00"}, {"id": 2958517, "sitenumber": 1001, "Tank": "Tank 6", "product": "Gasoline95", "capacity": "45000.00000", "productvolume": "19439.677", "watervolume": "0.000", "sitename": "port_saeed", "timestamp": "12/03/2022 22:00"}, {"id": 2958576, "sitenumber": 1001, "Tank": "Tank 1", "product": "Gasoline92", "capacity": "45000.00000", "productvolume": "17339.534", "watervolume": "0.000", "sitename": "port_saeed", "timestamp": "12/03/2022 23:00"}, {"id": 2958577, "sitenumber": 1001, "Tank": "Tank 2", "product": "Gasoline92", "capacity": "45000.00000", "productvolume": "17147.914", "watervolume": "0.000", "sitename": "port_saeed", "timestamp": "12/03/2022 23:00"}, {"id": 2958578, "sitenumber": 1001, "Tank": "Tank 3", "product": "Diesel", "capacity": "45000.00000", "productvolume": "31130.986", "watervolume": "0.000", "sitename": "port_saeed", "timestamp": "12/03/2022 23:00"}, {"id": 2958579, "sitenumber": 1001, "Tank": "Tank 4", "product": "Diesel", "capacity": "45000.00000", "productvolume": "32984.536", "watervolume": "0.000", "sitename": "port_saeed", "timestamp": "12/03/2022 23:00"}, {"id": 2958580, "sitenumber": 1001, "Tank": "Tank 6", "product": "Gasoline95", "capacity": "45000.00000", "productvolume": "19314.721", "watervolume": "0.000", "sitename": "port_saeed", "timestamp": "12/03/2022 23:00"}, {"id": 2958911, "sitenumber": 1001, "Tank": "Tank 1", "product": "Gasoline92", "capacity": "45000.00000", "productvolume": "16492.207", "watervolume": "0.000", "sitename": "port_saeed", "timestamp": "12/04/2022 01:00"}, {"id": 2958912, "sitenumber": 1001, "Tank": "Tank 2", "product": "Gasoline92", "capacity": "45000.00000", "productvolume": "16269.603", "watervolume": "0.000", "sitename": "port_saeed", "timestamp": "12/04/2022 01:00"}, {"id": 2958913, "sitenumber": 1001, "Tank": "Tank 3", "product": "Diesel", "capacity": "45000.00000", "productvolume": "30800.639", "watervolume": "0.000", "sitename": "port_saeed", "timestamp": "12/04/2022 01:00"}, {"id": 2958914, "sitenumber": 1001, "Tank": "Tank 4", "product": "Diesel", "capacity": "45000.00000", "productvolume": "32664.327", "watervolume": "0.000", "sitename": "port_saeed", "timestamp": "12/04/2022 01:00"}, {"id": 2958915, "sitenumber": 1001, "Tank": "Tank 6", "product": "Gasoline95", "capacity": "45000.00000", "productvolume": "19083.524", "watervolume": "0.000", "sitename": "port_saeed", "timestamp": "12/04/2022 01:00"}, {"id": 2959317, "sitenumber": 1001, "Tank": "Tank 1", "product": "Gasoline92", "capacity": "45000.00000", "productvolume": "16208.861", "watervolume": "0.000", "sitename": "port_saeed", "timestamp": "12/04/2022 02:00"}, {"id": 2959318, "sitenumber": 1001, "Tank": "Tank 2", "product": "Gasoline92", "capacity": "45000.00000", "productvolume": "15957.193", "watervolume": "0.000", "sitename": "port_saeed", "timestamp": "12/04/2022 02:00"}, {"id": 2959319, "sitenumber": 1001, "Tank": "Tank 3", "product": "Diesel", "capacity": "45000.00000", "productvolume": "30719.452", "watervolume": "0.000", "sitename": "port_saeed", "timestamp": "12/04/2022 02:00"}, {"id": 2959320, "sitenumber": 1001, "Tank": "Tank 4", "product": "Diesel", "capacity": "45000.00000", "productvolume": "32562.823", "watervolume": "0.000", "sitename": "port_saeed", "timestamp": "12/04/2022 02:00"}, {"id": 2959321, "sitenumber": 1001, "Tank": "Tank 6", "product": "Gasoline95", "capacity": "45000.00000", "productvolume": "19019.453", "watervolume": "0.000", "sitename": "port_saeed", "timestamp": "12/04/2022 02:00"}, {"id": 2959667, "sitenumber": 1001, "Tank": "Tank 1", "product": "Gasoline92", "capacity": "45000.00000", "productvolume": "15950.089", "watervolume": "0.000", "sitename": "port_saeed", "timestamp": "12/04/2022 04:00"}, {"id": 2959668, "sitenumber": 1001, "Tank": "Tank 2", "product": "Gasoline92", "capacity": "45000.00000", "productvolume": "15682.711", "watervolume": "0.000", "sitename": "port_saeed", "timestamp": "12/04/2022 04:00"}, {"id": 2959669, "sitenumber": 1001, "Tank": "Tank 3", "product": "Diesel", "capacity": "45000.00000", "productvolume": "30565.171", "watervolume": "0.000", "sitename": "port_saeed", "timestamp": "12/04/2022 04:00"}, {"id": 2959670, "sitenumber": 1001, "Tank": "Tank 4", "product": "Diesel", "capacity": "45000.00000", "productvolume": "32408.161", "watervolume": "0.000", "sitename": "port_saeed", "timestamp": "12/04/2022 04:00"}, {"id": 2959671, "sitenumber": 1001, "Tank": "Tank 6", "product": "Gasoline95", "capacity": "45000.00000", "productvolume": "18942.817", "watervolume": "0.000", "sitename": "port_saeed", "timestamp": "12/04/2022 04:00"}, {"id": 2965220, "sitenumber": 1001, "Tank": "Tank 1", "product": "Gasoline92", "capacity": "45000.00000", "productvolume": "29174.497", "watervolume": "0.000", "sitename": "port_saeed", "timestamp": "12/05/2022 04:00"}, {"id": 2965221, "sitenumber": 1001, "Tank": "Tank 2", "product": "Gasoline92", "capacity": "45000.00000", "productvolume": "28838.694", "watervolume": "0.000", "sitename": "port_saeed", "timestamp": "12/05/2022 04:00"}, {"id": 2965222, "sitenumber": 1001, "Tank": "Tank 3", "product": "Diesel", "capacity": "45000.00000", "productvolume": "27717.051", "watervolume": "0.000", "sitename": "port_saeed", "timestamp": "12/05/2022 04:00"}, {"id": 2965223, "sitenumber": 1001, "Tank": "Tank 4", "product": "Diesel", "capacity": "45000.00000", "productvolume": "29579.666", "watervolume": "0.000", "sitename": "port_saeed", "timestamp": "12/05/2022 04:00"}, {"id": 2965224, "sitenumber": 1001, "Tank": "Tank 6", "product": "Gasoline95", "capacity": "45000.00000", "productvolume": "16004.406", "watervolume": "0.000", "sitename": "port_saeed", "timestamp": "12/05/2022 04:00"}, {"id": 2965289, "sitenumber": 1001, "Tank": "Tank 1", "product": "Gasoline92", "capacity": "45000.00000", "productvolume": "29102.937", "watervolume": "0.000", "sitename": "port_saeed", "timestamp": "12/05/2022 05:00"}, {"id": 2965290, "sitenumber": 1001, "Tank": "Tank 2", "product": "Gasoline92", "capacity": "45000.00000", "productvolume": "28788.060", "watervolume": "0.000", "sitename": "port_saeed", "timestamp": "12/05/2022 05:00"}, {"id": 2965291, "sitenumber": 1001, "Tank": "Tank 3", "product": "Diesel", "capacity": "45000.00000", "productvolume": "27716.589", "watervolume": "0.000", "sitename": "port_saeed", "timestamp": "12/05/2022 05:00"}, {"id": 2965292, "sitenumber": 1001, "Tank": "Tank 4", "product": "Diesel", "capacity": "45000.00000", "productvolume": "29585.590", "watervolume": "0.000", "sitename": "port_saeed", "timestamp": "12/05/2022 05:00"}, {"id": 2965293, "sitenumber": 1001, "Tank": "Tank 6", "product": "Gasoline95", "capacity": "45000.00000", "productvolume": "15943.390", "watervolume": "0.000", "sitename": "port_saeed", "timestamp": "12/05/2022 05:00"}, {"id": 2969519, "sitenumber": 1001, "Tank": "Tank 1", "product": "Gasoline92", "capacity": "45000.00000", "productvolume": "34872.909", "watervolume": "0.000", "sitename": "port_saeed", "timestamp": "12/05/2022 19:00"}, {"id": 2969520, "sitenumber": 1001, "Tank": "Tank 2", "product": "Gasoline92", "capacity": "45000.00000", "productvolume": "34653.617", "watervolume": "0.000", "sitename": "port_saeed", "timestamp": "12/05/2022 19:00"}, {"id": 2969521, "sitenumber": 1001, "Tank": "Tank 3", "product": "Diesel", "capacity": "45000.00000", "productvolume": "26433.072", "watervolume": "0.000", "sitename": "port_saeed", "timestamp": "12/05/2022 19:00"}, {"id": 2969522, "sitenumber": 1001, "Tank": "Tank 4", "product": "Diesel", "capacity": "45000.00000", "productvolume": "28385.992", "watervolume": "0.000", "sitename": "port_saeed", "timestamp": "12/05/2022 19:00"}, {"id": 2969523, "sitenumber": 1001, "Tank": "Tank 6", "product": "Gasoline95", "capacity": "45000.00000", "productvolume": "26751.978", "watervolume": "0.000", "sitename": "port_saeed", "timestamp": "12/05/2022 19:00"}, {"id": 2969580, "sitenumber": 1001, "Tank": "Tank 1", "product": "Gasoline92", "capacity": "45000.00000", "productvolume": "34179.699", "watervolume": "0.000", "sitename": "port_saeed", "timestamp": "12/05/2022 20:00"}, {"id": 2969581, "sitenumber": 1001, "Tank": "Tank 2", "product": "Gasoline92", "capacity": "45000.00000", "productvolume": "34055.470", "watervolume": "0.000", "sitename": "port_saeed", "timestamp": "12/05/2022 20:00"}, {"id": 2969582, "sitenumber": 1001, "Tank": "Tank 3", "product": "Diesel", "capacity": "45000.00000", "productvolume": "26372.276", "watervolume": "0.000", "sitename": "port_saeed", "timestamp": "12/05/2022 20:00"}, {"id": 2969583, "sitenumber": 1001, "Tank": "Tank 4", "product": "Diesel", "capacity": "45000.00000", "productvolume": "28297.189", "watervolume": "0.000", "sitename": "port_saeed", "timestamp": "12/05/2022 20:00"}, {"id": 2969584, "sitenumber": 1001, "Tank": "Tank 6", "product": "Gasoline95", "capacity": "45000.00000", "productvolume": "26558.866", "watervolume": "0.000", "sitename": "port_saeed", "timestamp": "12/05/2022 20:00"}, {"id": 2970336, "sitenumber": 1001, "Tank": "Tank 1", "product": "Gasoline92", "capacity": "45000.00000", "productvolume": "30650.035", "watervolume": "0.000", "sitename": "port_saeed", "timestamp": "12/06/2022 06:00"}, {"id": 2970337, "sitenumber": 1001, "Tank": "Tank 2", "product": "Gasoline92", "capacity": "45000.00000", "productvolume": "30295.884", "watervolume": "0.000", "sitename": "port_saeed", "timestamp": "12/06/2022 06:00"}, {"id": 2970338, "sitenumber": 1001, "Tank": "Tank 3", "product": "Diesel", "capacity": "45000.00000", "productvolume": "25326.433", "watervolume": "0.000", "sitename": "port_saeed", "timestamp": "12/06/2022 06:00"}, {"id": 2970339, "sitenumber": 1001, "Tank": "Tank 4", "product": "Diesel", "capacity": "45000.00000", "productvolume": "27188.576", "watervolume": "0.000", "sitename": "port_saeed", "timestamp": "12/06/2022 06:00"}, {"id": 2970340, "sitenumber": 1001, "Tank": "Tank 6", "product": "Gasoline95", "capacity": "45000.00000", "productvolume": "25576.776", "watervolume": "0.000", "sitename": "port_saeed", "timestamp": "12/06/2022 06:00"}, {"id": 2970530, "sitenumber": 1001, "Tank": "Tank 1", "product": "Gasoline92", "capacity": "45000.00000", "productvolume": "30537.458", "watervolume": "0.000", "sitename": "port_saeed", "timestamp": "12/06/2022 07:00"}, {"id": 2970531, "sitenumber": 1001, "Tank": "Tank 2", "product": "Gasoline92", "capacity": "45000.00000", "productvolume": "30213.822", "watervolume": "0.000", "sitename": "port_saeed", "timestamp": "12/06/2022 07:00"}, {"id": 2970532, "sitenumber": 1001, "Tank": "Tank 3", "product": "Diesel", "capacity": "45000.00000", "productvolume": "25223.442", "watervolume": "0.000", "sitename": "port_saeed", "timestamp": "12/06/2022 07:00"}, {"id": 2970533, "sitenumber": 1001, "Tank": "Tank 4", "product": "Diesel", "capacity": "45000.00000", "productvolume": "27133.926", "watervolume": "0.000", "sitename": "port_saeed", "timestamp": "12/06/2022 07:00"}, {"id": 2970534, "sitenumber": 1001, "Tank": "Tank 6", "product": "Gasoline95", "capacity": "45000.00000", "productvolume": "25553.395", "watervolume": "0.000", "sitename": "port_saeed", "timestamp": "12/06/2022 07:00"}, {"id": 2972396, "sitenumber": 1001, "Tank": "Tank 1", "product": "Gasoline92", "capacity": "45000.00000", "productvolume": "29999.733", "watervolume": "0.000", "sitename": "port_saeed", "timestamp": "12/06/2022 08:00"}, {"id": 2972397, "sitenumber": 1001, "Tank": "Tank 2", "product": "Gasoline92", "capacity": "45000.00000", "productvolume": "29855.016", "watervolume": "0.000", "sitename": "port_saeed", "timestamp": "12/06/2022 08:00"}, {"id": 2972398, "sitenumber": 1001, "Tank": "Tank 3", "product": "Diesel", "capacity": "45000.00000", "productvolume": "25148.528", "watervolume": "0.000", "sitename": "port_saeed", "timestamp": "12/06/2022 08:00"}, {"id": 2972399, "sitenumber": 1001, "Tank": "Tank 4", "product": "Diesel", "capacity": "45000.00000", "productvolume": "27066.102", "watervolume": "0.000", "sitename": "port_saeed", "timestamp": "12/06/2022 08:00"}, {"id": 2972400, "sitenumber": 1001, "Tank": "Tank 6", "product": "Gasoline95", "capacity": "45000.00000", "productvolume": "25410.020", "watervolume": "0.000", "sitename": "port_saeed", "timestamp": "12/06/2022 08:00"}, {"id": 2972698, "sitenumber": 1001, "Tank": "Tank 1", "product": "Gasoline92", "capacity": "45000.00000", "productvolume": "28148.144", "watervolume": "0.000", "sitename": "port_saeed", "timestamp": "12/06/2022 13:00"}, {"id": 2972699, "sitenumber": 1001, "Tank": "Tank 2", "product": "Gasoline92", "capacity": "45000.00000", "productvolume": "27955.990", "watervolume": "0.000", "sitename": "port_saeed", "timestamp": "12/06/2022 13:00"}, {"id": 2972700, "sitenumber": 1001, "Tank": "Tank 3", "product": "Diesel", "capacity": "45000.00000", "productvolume": "24578.818", "watervolume": "0.000", "sitename": "port_saeed", "timestamp": "12/06/2022 13:00"}, {"id": 2972701, "sitenumber": 1001, "Tank": "Tank 4", "product": "Diesel", "capacity": "45000.00000", "productvolume": "26467.418", "watervolume": "0.000", "sitename": "port_saeed", "timestamp": "12/06/2022 13:00"}, {"id": 2972702, "sitenumber": 1001, "Tank": "Tank 6", "product": "Gasoline95", "capacity": "45000.00000", "productvolume": "24718.010", "watervolume": "0.000", "sitename": "port_saeed", "timestamp": "12/06/2022 13:00"}, {"id": 2972767, "sitenumber": 1001, "Tank": "Tank 1", "product": "Gasoline92", "capacity": "45000.00000", "productvolume": "27535.872", "watervolume": "0.000", "sitename": "port_saeed", "timestamp": "12/06/2022 14:00"}, {"id": 2972768, "sitenumber": 1001, "Tank": "Tank 2", "product": "Gasoline92", "capacity": "45000.00000", "productvolume": "27380.354", "watervolume": "0.000", "sitename": "port_saeed", "timestamp": "12/06/2022 14:00"}, {"id": 2972769, "sitenumber": 1001, "Tank": "Tank 3", "product": "Diesel", "capacity": "45000.00000", "productvolume": "24428.655", "watervolume": "0.000", "sitename": "port_saeed", "timestamp": "12/06/2022 14:00"}, {"id": 2972770, "sitenumber": 1001, "Tank": "Tank 4", "product": "Diesel", "capacity": "45000.00000", "productvolume": "26325.795", "watervolume": "0.000", "sitename": "port_saeed", "timestamp": "12/06/2022 14:00"}, {"id": 2972771, "sitenumber": 1001, "Tank": "Tank 6", "product": "Gasoline95", "capacity": "45000.00000", "productvolume": "24673.250", "watervolume": "0.000", "sitename": "port_saeed", "timestamp": "12/06/2022 14:00"}, {"id": 2979116, "sitenumber": 1001, "Tank": "Tank 1", "product": "Gasoline92", "capacity": "45000.00000", "productvolume": "31008.357", "watervolume": "0.000", "sitename": "port_saeed", "timestamp": "12/07/2022 20:00"}, {"id": 2979117, "sitenumber": 1001, "Tank": "Tank 2", "product": "Gasoline92", "capacity": "45000.00000", "productvolume": "30856.573", "watervolume": "0.000", "sitename": "port_saeed", "timestamp": "12/07/2022 20:00"}, {"id": 2979118, "sitenumber": 1001, "Tank": "Tank 3", "product": "Diesel", "capacity": "45000.00000", "productvolume": "21579.935", "watervolume": "0.000", "sitename": "port_saeed", "timestamp": "12/07/2022 20:00"}, {"id": 2979119, "sitenumber": 1001, "Tank": "Tank 4", "product": "Diesel", "capacity": "45000.00000", "productvolume": "23545.401", "watervolume": "0.000", "sitename": "port_saeed", "timestamp": "12/07/2022 20:00"}, {"id": 2979120, "sitenumber": 1001, "Tank": "Tank 6", "product": "Gasoline95", "capacity": "45000.00000", "productvolume": "20906.946", "watervolume": "0.000", "sitename": "port_saeed", "timestamp": "12/07/2022 20:00"}]